{
    "Database": {
        "class": "\\IPS\\Widget",
        "restrict": [
            "cms"
        ],
        "default_area": "",
        "allow_reuse": false,
        "menu_style": "menu",
        "embeddable": false
    },
    "Wysiwyg": {
        "class": "\\IPS\\Widget\\StaticCache",
        "restrict": [
            "sidebar",
            "cms"
        ],
        "default_area": "",
        "allow_reuse": true,
        "menu_style": "modal",
        "embeddable": false
    },
    "DatabaseFilters": {
        "class": "\\IPS\\Widget",
        "restrict": [
            "cms"
        ],
        "default_area": "",
        "allow_reuse": false,
        "menu_style": "menu",
        "embeddable": false
    },
    "Categories": {
        "class": "\\IPS\\Widget\\PermissionCache",
        "restrict": [
            "cms"
        ],
        "default_area": "",
        "allow_reuse": false,
        "menu_style": "menu",
        "embeddable": false
    },
    "Blocks": {
        "class": "\\IPS\\Widget",
        "restrict": [],
        "default_area": "",
        "allow_reuse": true,
        "menu_style": "modal",
        "embeddable": false
    },
    "RecordFeed": {
        "class": "\\IPS\\Widget\\PermissionCache",
        "restrict": false,
        "default_area": "",
        "allow_reuse": false,
        "menu_style": "menu",
        "embeddable": false
    },
    "Rss": {
        "class": "\\IPS\\Widget\\StaticCache",
        "restrict": [
            "cms"
        ],
        "default_area": "",
        "allow_reuse": true,
        "menu_style": "modal",
        "embeddable": true
    }
}