{"app=core&module=settings&controller=posting&searchResult=form_attach_allowed_types":{"lang_key":"attach_allowed_types","restriction":null,"keywords":["file types","attachments","attachment restrictions","files"]},"app=core&module=settings&controller=posting&tab=urlFilters&searchResult=posts_add_nofollow_exclude":{"lang_key":"posts_add_nofollow_exclude","restriction":null,"keywords":["follow","pagerank","nofollow"]},"app=core&module=settings&controller=email&do=errorLog":{"lang_key":"emailerrorlogs","restriction":"email_errorlog","keywords":["email error logs","email logs","logs"]},"app=core&module=support&controller=errorLogs":{"lang_key":"error_logs","restriction":null,"keywords":["error log","errors","logs"]},"app=core&module=support&controller=systemLogs":{"lang_key":"system_logs","restriction":null,"keywords":["sql logs","driver errors","logs","sql error logs","system logs"]},"app=core&module=membersettings&controller=spam&do=serviceLogs":{"lang_key":"spamlogs","restriction":"spam_service_log","keywords":["spam logs"]},"app=core&module=staff&controller=admin&do=actionLogs":{"lang_key":"acplogs","restriction":"restrictions_adminlogs","keywords":["logs","acp logs","admin logs"]},"app=core&module=staff&controller=moderators&do=actionLogs":{"lang_key":"modlogs","restriction":"restrictions_moderatorlogs","keywords":["logs","staff logs","mod logs","moderator logs"]},"app=core&module=settings&controller=general&searchResult=form_site_online":{"lang_key":"site_online","restriction":"general_manage","keywords":["offline","online"]},"app=core&module=settings&controller=advanced&do=tasks":{"lang_key":"menu__core_settings_advanced","restriction":null,"keywords":["tasklog","cronjob","tasks","task","cron"]},"app=core&module=editor&controller=toolbar":{"lang_key":"editor_customization","restriction":"toolbar_manage","keywords":["mobile","tablet","phone","responsive","wysiwyg","editor","toolbars","post","comment","buttons","bbcode"]},"app=core&module=settings&controller=login&do=settings&searchResult=form_logins_over_https":{"lang_key":"logins_over_https","restriction":"login_manage","keywords":["https","ssl","secure logins"]},"app=core&module=stats&controller=pmstats":{"lang_key":"menu__core_members_pmstats","restriction":null,"keywords":["private messages","message statistics"]},"app=core&module=customization&controller=themes&do=designersmode&searchResult=form_theme_designers_mode":{"lang_key":"theme_designers_mode","restriction":"theme_templates_manage","keywords":["designers mode"]},"app=core&module=stats&controller=registrationstats":{"lang_key":"menu__core_members_registrationstats","restriction":"registrations_manage","keywords":["registration statistics"]},"app=core&module=applications&controller=enhancements&do=edit&id=core_Mandrill":{"lang_key":"menu__core_applications_enhancements","restriction":"enhancements_manage","keywords":["email","bulk mail","mandrill"]},"app=core&module=staff&controller=admin&do=loginLogs":{"lang_key":"menu__core_staff_admin","restriction":"restrictions_manage","keywords":["admin logins","acp logins"]},"app=core&module=staff&controller=admin":{"lang_key":"menu__core_staff_admin","restriction":"restrictions_manage","keywords":["staff","acp","admins","restrictions","administrators"]},"app=core&module=membersettings&controller=profiles":{"lang_key":"menu__core_membersettings_profiles","restriction":"profiles_manage","keywords":["custom profile fields","about me"]},"app=core&module=overview&controller=security&do=settings&searchResult=form_xforward_matching":{"lang_key":"xforward_matching","restriction":"security_manage","keywords":["http_x_forwarded_for","proxies","proxy","ip address"]},"app=core&module=members&controller=members":{"lang_key":"menu__core_members_members","restriction":null,"keywords":["locked","spammers","validating","banned","members","administrators","accounts"]},"app=core&module=members&controller=groups&searchResult=4_g_bypass_badwords":{"lang_key":"g_bypass_badwords","restriction":"groups_manage","keywords":["profanity","bad words","swear words"]},"app=core&module=members&controller=groups&searchResult=4_g_avoid_q":{"lang_key":"g_avoid_q","restriction":"groups_manage","keywords":["hiding","hidden","hide","queue","mod queue","moderation"]},"app=core&module=members&controller=groups&searchResult=4_g_avoid_flood":{"lang_key":"g_avoid_flood","restriction":"groups_manage","keywords":["posting flood control","post flood control","flood control"]},"app=core&module=members&controller=groups&searchResult=4_gbw_no_report":{"lang_key":"gbw_no_report","restriction":"groups_manage","keywords":["reporting","report"]},"app=core&module=members&controller=groups&searchResult=4_g_delete_own_posts":{"lang_key":"g_delete_own_posts","restriction":"groups_manage","keywords":["deleting","delete"]},"app=core&module=members&controller=groups&searchResult=4_gbw_soft_delete_own":{"lang_key":"gbw_soft_delete_own","restriction":"groups_manage","keywords":["hiding","hide"]},"app=core&module=members&controller=groups&searchResult=4_g_edit_posts":{"lang_key":"g_edit_posts","restriction":"groups_manage","keywords":["editing","edit"]},"app=core&module=members&controller=groups&searchResult=4_g_topic_rate_setting":{"lang_key":"g_topic_rate_setting","restriction":"groups_manage","keywords":["rate","ratings"]},"app=core&module=members&controller=groups&searchResult=4_gbw_disable_prefixes":{"lang_key":"gbw_disable_prefixes","restriction":"groups_manage","keywords":["prefixes","tagging","tags"]},"app=core&module=members&controller=groups&searchResult=4_gbw_disable_tagging":{"lang_key":"gbw_disable_tagging","restriction":"groups_manage","keywords":["tagging","tags"]},"app=core&module=members&controller=groups&searchResult=4_g_vote_polls":{"lang_key":"g_vote_polls","restriction":"groups_manage","keywords":["polls"]},"app=core&module=members&controller=groups&searchResult=gbw_delete_attachments":{"lang_key":"gbw_delete_attachments","restriction":"groups_manage","keywords":["delete attachments","attachments","uploads"]},"app=core&module=members&controller=groups&searchResult=4_g_post_polls":{"lang_key":"g_post_polls","restriction":"groups_manage","keywords":["polls"]},"app=core&module=members&controller=groups&searchResult=g_attach_max":{"lang_key":"g_attach_max","restriction":"groups_manage","keywords":["storage","attachments","uploads"]},"app=core&module=members&controller=groups&searchResult=4_g_attach":{"lang_key":"g_attach","restriction":"groups_manage","keywords":["attachments","uploads"]},"app=core&module=members&controller=groups&searchResult=4_gbw_no_status_import":{"lang_key":"gbw_no_status_import","restriction":"groups_manage","keywords":["twitter status","facebook status","profile status","status updates","statuses"]},"app=core&module=members&controller=groups&searchResult=4_gbw_no_status_update":{"lang_key":"gbw_no_status_update","restriction":"groups_manage","keywords":["status updates","statuses","profile status"]},"app=core&module=members&controller=groups&searchResult=4_gbw_view_reps":{"lang_key":"gbw_view_reps","restriction":"groups_manage","keywords":["reputation","like","karma"]},"app=core&module=members&controller=groups&searchResult=4_g_rep_max_positive":{"lang_key":"g_rep_max_positive","restriction":"groups_manage","keywords":["karma","like","reputation"]},"app=core&module=members&controller=groups&searchResult=g_can_msg_attach":{"lang_key":"g_can_msg_attach","restriction":"groups_manage","keywords":["messenger attachments","pm attachments","messenger images","messenger upload","pm upload","pm images"]},"app=core&module=members&controller=groups&searchResult=g_max_messages":{"lang_key":"g_max_messages","restriction":"groups_manage","keywords":["pms","personal messenger storage","messenger storage","pm storage"]},"app=core&module=members&controller=groups&searchResult=g_pm_perday":{"lang_key":"g_pm_perday","restriction":"groups_manage","keywords":["pms","personal messenger","personal messages","new pms","pm limit"]},"app=core&module=members&controller=groups&searchResult=g_max_bgimg_upload":{"lang_key":"g_max_bgimg_upload","restriction":"groups_manage","keywords":["profile cover photo size","cover photo size"]},"app=core&module=members&controller=groups&searchResult=gbw_allow_upload_bgimage":{"lang_key":"gbw_allow_upload_bgimage","restriction":"groups_manage","keywords":["profile cover photo","cover photo"]},"app=core&module=members&controller=groups&searchResult=g_photo_max_vars_wh":{"lang_key":"g_photo_max_vars_wh","restriction":"groups_manage","keywords":["photo size","profile photo size","photos"]},"app=core&module=members&controller=groups&searchResult=g_photo_max_vars_size":{"lang_key":"g_photo_max_vars_size","restriction":"groups_manage","keywords":["photos","photo size","profile photo size"]},"app=core&module=members&controller=groups&searchResult=4_g_edit_profile":{"lang_key":"g_edit_profile","restriction":"groups_manage","keywords":["edit profile","profiles"]},"app=core&module=members&controller=groups&searchResult=g_sig_max_lines":{"lang_key":"g_sig_max_lines","restriction":"groups_manage","keywords":["signatures","signature text","signature length","signature size"]},"app=core&module=members&controller=groups&searchResult=g_sig_max_urls":{"lang_key":"g_sig_max_urls","restriction":"groups_manage","keywords":["signatures","signature links"]},"app=core&module=members&controller=groups&searchResult=g_sig_max_image_size":{"lang_key":"g_sig_max_image_size","restriction":"groups_manage","keywords":["signature images","signatures"]},"app=core&module=members&controller=groups&searchResult=g_sig_max_images":{"lang_key":"g_sig_max_images","restriction":"groups_manage","keywords":["signature images","signatures"]},"app=core&module=members&controller=groups&searchResult=g_use_signatures":{"lang_key":"g_use_signatures","restriction":"groups_manage","keywords":["signatures"]},"app=core&module=members&controller=groups&searchResult=gbw_cannot_be_ignored":{"lang_key":"can_be_ignored","restriction":"groups_manage","keywords":["ignore","ignored users"]},"app=core&module=members&controller=groups&searchResult=g_dohtml":{"lang_key":"g_dohtml","restriction":"groups_manage","keywords":["post html","html posting"]},"app=core&module=members&controller=groups&searchResult=g_search_flood":{"lang_key":"g_search_flood","restriction":"groups_manage","keywords":["search flood control"]},"app=core&module=members&controller=groups&searchResult=group_username":{"lang_key":"group_username","restriction":"groups_manage","keywords":["name changes","display name changes","user name changes","username changes"]},"app=core&module=members&controller=groups&searchResult=g_access_offline":{"lang_key":"g_access_offline","restriction":"groups_manage","keywords":["offline access","site offline"]},"app=core&module=members&controller=groups&searchResult=group_promotion":{"lang_key":"group_promotion","restriction":"groups_manage","keywords":["member promote","member promotion","member upgrade","group upgrade","promote","promotion","group promote","group promotion"]},"app=core&module=members&controller=groups&searchResult=4_g_prefixsuffix":{"lang_key":"g_prefixsuffix","restriction":"groups_manage","keywords":["group colour","group color"]},"app=core&module=settings&controller=posting&tab=urlFilters&searchResult=form_links_external":{"lang_key":"links_external","restriction":"posting_manage","keywords":["link","window","tab","blank","target"]},"app=core&module=members&controller=groups&searchResult=4_g_icon":{"lang_key":"g_icon","restriction":"groups_manage","keywords":["group icon"]},"app=core&module=promotion&controller=seo&tab=urls":{"lang_key":"seo_tab_furls","restriction":"seo_manage","keywords":["mod_rewrite","htaccess","furls","friendly url","urls"]},"app=core&module=languages&controller=languages":{"lang_key":"menu__core_languages_languages","restriction":null,"keywords":["locales","translations","languages","translate"]},"app=core&module=customization&controller=emails":{"lang_key":"menu__core_customization_emails","restriction":"emails_manage","keywords":["email content"]},"app=core&module=staff&controller=directory":{"lang_key":"menu__core_staff_directory","restriction":"leaders_manage","keywords":["moderators","leaders","staff"]},"app=core&module=staff&controller=moderators":{"lang_key":"menu__core_staff_moderators","restriction":"moderators_manage","keywords":["staff","moderators"]},"app=core&module=bulkmail&controller=bulkmail":{"lang_key":"menu__core_bulkmail_bulkmail","restriction":"bulkmail_manage","keywords":["mandrill","mail","announce","email","mass","newsletter","bulk"]},"app=core&module=members&controller=groups":{"lang_key":"menu__core_members_groups","restriction":"groups_manage","keywords":["groups"]},"app=core&module=settings&controller=general&searchResult=form_copyright_line":{"lang_key":"copyright_line","restriction":"general_manage","keywords":["license","copyright"]},"app=core&module=settings&controller=login":{"lang_key":"menu__core_settings_login","restriction":"login_manage","keywords":["google","accounts","locking","ldap","https","facebook","windows","twitter","ips connect","login","microsoft"]},"app=core&module=settings&controller=posting&tab=acronymExpansion":{"lang_key":"acronym_expansion","restriction":"posting_manage_acronym","keywords":["abbreviations","acronyms"]},"app=core&module=settings&controller=posting&tab=profanityFilters":{"lang_key":"profanity","restriction":"posting_manage_profanity","keywords":["bad words","swear words","profanity"]},"app=core&module=settings&controller=posting&searchResult=form_edit_log":{"lang_key":"edit_log","restriction":"posting_manage","keywords":["edit log","editing"]},"app=core&module=promotion&controller=advertisements":{"lang_key":"menu__core_promotion_advertisements","restriction":"advertisements_manage","keywords":["adwords","adsense","google","advertisements","adverts","ads"]},"app=core&module=promotion&controller=seo&tab=metatags":{"lang_key":"seo_tab_metatags","restriction":"seo_manage","keywords":["robots","description","meta tags","keywords"]},"app=core&module=promotion&controller=seo&tab=sitemap":{"lang_key":"seo_tab_sitemap","restriction":"seo_manage","keywords":["xml","priority","google","sitemap","site map"]},"app=core&module=promotion&controller=sharelinks":{"lang_key":"menu__core_promotion_sharelinks","restriction":"sharelinks_manage","keywords":["reddit","twitter","stumbleupon","delicious","facebook","digg","google","linkedin","share links"]},"app=core&module=applications&controller=plugins":{"lang_key":"menu__core_applications_plugins","restriction":"plugins_view","keywords":["hooks","modification","addons","add-ons","mod","plugins","install"]},"app=core&module=applications&controller=applications":{"lang_key":"menu__core_applications_applications","restriction":"app_manage","keywords":["install","offline","online","applications","modules"]},"app=core&module=overview&controller=files&do=settings":{"lang_key":"menu__core_overview_files","restriction":"files_view","keywords":["files","uploads","storage","photos","amazon","ftp"]},"app=core&module=overview&controller=files":{"lang_key":"menu__core_overview_files","restriction":"files_view","keywords":["uploads","storage","files","attachments"]},"app=core&module=membersettings&controller=registration":{"lang_key":"menu__core_membersettings_registration","restriction":"registration_manage","keywords":["validate","confirmation","approve","registration","validation","coppa"]},"app=core&module=membersettings&controller=warnings":{"lang_key":"menu__core_membersettings_warnings","restriction":"warn_settings","keywords":["acknowledge","actions","warnings","reasons"]},"app=core&module=overview&controller=security":{"lang_key":"menu__core_overview_security","restriction":"security_manage","keywords":["htaccess","http","admin","acp","security","hack","conf"]},"app=core&module=membersettings&controller=spam&tab=flagging":{"lang_key":"spamprevention_flagging","restriction":"spam_manage","keywords":["flagging"]},"app=core&module=membersettings&controller=spam":{"lang_key":"menu__core_membersettings_spam","restriction":"spam_manage","keywords":["spam","spammers"]},"app=core&module=membersettings&controller=spam&tab=captcha":{"lang_key":"spamprevention_captcha","restriction":"spam_manage","keywords":["keycaptcha","recaptcha","captcha"]},"app=core&module=membersettings&controller=reputation":{"lang_key":"menu__core_membersettings_reputation","restriction":"reps_manage","keywords":["reputation","likes","karma"]},"app=core&module=membersettings&controller=ranks":{"lang_key":"menu__core_membersettings_ranks","restriction":"ranks_manage","keywords":["ranks","badges","titles"]},"app=core&module=membersettings&controller=notifications":{"lang_key":"menu__core_membersettings_notifications","restriction":"notifications_manage","keywords":["notifications"]},"app=core&module=membersettings&controller=profiles&tab=settings&searchResult=form_allow_gravatars":{"lang_key":"allow_gravatars","restriction":"profiles_manage","keywords":["gravatar"]},"app=core&module=settings&controller=posting&tab=urlFilters&searchResult=posts_add_nofollow":{"lang_key":"posts_add_nofollow","restriction":"posting_manage","keywords":["nofollow","pagerank"]},"app=core&module=settings&controller=posting&tab=urlFilters&searchResult=ipb_url_blacklist":{"lang_key":"ipb_url_blacklist","restriction":"posting_manage","keywords":["blacklist"]},"app=core&module=settings&controller=email":{"lang_key":"menu__core_settings_email","restriction":"email_manage","keywords":["smtp","email logo","mail","email","address"]},"app=core&module=promotion&controller=seo":{"lang_key":"menu__core_promotion_seo","restriction":"seo_manage","keywords":["seo","search engine optimization","search","analytics","furl"]},"app=core&module=applications&controller=enhancements":{"lang_key":"menu__core_applications_enhancements","restriction":"enhancements_manage","keywords":["spam","geo","enhancements","viglink","maxmind","maps","analytics","mandrill"]},"app=core&module=overview&controller=files&do=imagesettings":{"lang_key":"menu__core_overview_files","restriction":"files_view","keywords":["gd","imagemagick"]},"app=core&module=overview&controller=files&do=imagesettings&searchResult=image_png_quality_gd":{"lang_key":"image_png_quality_gd","restriction":"files_view","keywords":["png"]},"app=core&module=overview&controller=files&do=imagesettings&searchResult=form_image_jpg_quality":{"lang_key":"image_jpg_quality","restriction":"files_view","keywords":["jpeg","jpg"]},"app=core&module=settings&controller=general&searchResult=form_board_name":{"lang_key":"board_name","restriction":"general_manage","keywords":["site name","website name","community name"]},"app=core&module=settings&controller=posting&searchResult=strip_quotes":{"lang_key":"strip_quotes","restriction":"posting_manage","keywords":["quoting","quotes","nested"]},"app=core&module=settings&controller=licensekey":{"lang_key":"menu__core_settings_licensekey","restriction":"licensekey_manage","keywords":["license key"]},"app=core&module=settings&controller=general&searchResult=form_show_home_link":{"lang_key":"show_home_link","restriction":"general_manage","keywords":["breadcrumb","navigation"]},"app=core&module=settings&controller=general&searchResult=form_site_address":{"lang_key":"site_address","restriction":"general_manage","keywords":["address","mail"]},"app=core&module=settings&controller=posting&searchResult=form_flood_control":{"lang_key":"flood_control","restriction":"posting_manage","keywords":["flood control"]},"app=core&module=settings&controller=posting&searchResult=form_topic_redirect_prune":{"lang_key":"topic_redirect_prune","restriction":"posting_manage","keywords":["shadow topics","moved links"]},"app=core&module=settings&controller=posting&tab=tags":{"lang_key":"tags","restriction":"posting_manage_tags","keywords":["prefixes","tags","tagging"]},"app=core&module=settings&controller=advanced&tab=datastore":{"lang_key":"data_store","restriction":"datastore","keywords":["storage"]},"app=core&module=settings&controller=advanced&tab=datastore&searchResult=cache_method":{"lang_key":"cache_method","restriction":"datastore","keywords":["eaccelerator","apc","wincache","xcache","memcached","redis"]},"app=core&module=settings&controller=advanced&tab=furl":{"lang_key":"furls_customize","restriction":"advanced_manage_furls","keywords":["furl","friendly","seo"]},"app=core&module=settings&controller=advanced&tab=settings&searchResult=cache_guest_page":{"lang_key":"cache_guest_page","restriction":"advanced_manage_server","keywords":["cache","output cache","guest cache"]},"app=core&module=settings&controller=terms":{"lang_key":"menu__core_settings_terms","restriction":"terms_manage","keywords":["privacy policy","terms","conditions","guidelines","rules","legal"]},"app=core&module=settings&controller=advanced&tab=settings&searchResult=task_use_cron":{"lang_key":"task_use_cron","restriction":"advanced_manage_server","keywords":["cron job","cronjob"]},"app=core&module=settings&controller=posting&tab=polls":{"lang_key":"polls","restriction":"posting_manage_polls","keywords":["polls","question","vote"]},"app=core&module=settings&controller=search":{"lang_key":"menu__core_settings_search","restriction":"search_manage","keywords":["search","sphinx","fulltext"]},"app=core&module=support&controller=support":{"lang_key":"menu__core_support_dashboard","restriction":"support_dashboard","keywords":["support","tech support","technical support","help","diagnostics","phpinfo","server","system","diagnose","documentation","troubleshoot"]},"app=core&module=support&controller=sql":{"lang_key":"sql_toolbox","restriction":"sql_toolbox","keywords":["sql toolbox"]},"app=core&module=membersettings&controller=registration&searchResult=use_coppa":{"lang_key":"use_coppa","restriction":"registration_manage","keywords":["coppa"]},"app=core&module=membersettings&controller=spam&tab=service":{"lang_key":"enhancements__core_SpamMonitoring","restriction":"spam_manage","keywords":["ips spam monitoring","ips spam monitor","ips spam service"]},"app=core&module=membersettings&controller=profiles&tab=settings&searchResult=form_username_characters":{"lang_key":"username_characters","restriction":"profiles_manage","keywords":["username characters"]},"app=core&module=membersettings&controller=spam&tab=qanda":{"lang_key":"qanda_settings","restriction":"qanda_manage","keywords":["registration","answers","question","challenge"]},"app=core&module=membersettings&controller=profiles&tab=settings&searchResult=form_max_user_name_length":{"lang_key":"max_user_name_length","restriction":"profiles_manage","keywords":["username length"]},"app=core&module=membersettings&controller=profiles&tab=settings&searchResult=form_signatures_enabled":{"lang_key":"signatures_enabled","restriction":"profiles_manage","keywords":["signatures"]},"app=core&module=membersettings&controller=profiles&tab=settings&searchResult=form_profile_comments":{"lang_key":"profile_comments","restriction":"profiles_manage","keywords":["profile statuses","profile comments"]},"app=core&module=membersettings&controller=profiles&tab=settings&searchResult=profile_comment_approval":{"lang_key":"profile_comment_approval","restriction":"profiles_manage","keywords":["profile statuses","profile comments"]},"app=core&module=membersettings&controller=reputation&searchResult=reputation_show_content":{"lang_key":"reputation_show_content","restriction":"reps_settings","keywords":["show likes","show reputation"]},"app=core&module=membersettings&controller=reputation&searchResult=reputation_protected_groups":{"lang_key":"reputation_protected_groups","restriction":"reps_settings","keywords":["no reputation","protected","no likes"]},"app=core&module=membersettings&controller=reputation&searchResult=reputation_highlight":{"lang_key":"reputation_highlight","restriction":"reps_manage","keywords":["popular"]},"app=core&module=membersettings&controller=reputation&searchResult=reputation_can_self_vote":{"lang_key":"reputation_can_self_vote","restriction":"reps_settings","keywords":["self reputation","rep self","reputation self","own","like self","self","like own"]},"app=core&module=membersettings&controller=reputation&searchResult=reputation_show_profile":{"lang_key":"reputation_show_profile","restriction":"reps_manage","keywords":["show reputation","show likes"]},"app=core&module=membersettings&controller=warnings&tab=settings&searchResult=warn_show_own":{"lang_key":"warn_show_own","restriction":"warn_settings","keywords":["own"]},"app=core&module=membersettings&controller=warnings&tab=settings&searchResult=warn_protected":{"lang_key":"warn_protected","restriction":"warn_settings","keywords":["protected","no warnings"]},"app=core&module=membersettings&controller=warnings&tab=settings&searchResult=warnings_acknowledge":{"lang_key":"warnings_acknowledge","restriction":"warn_settings","keywords":["acknowledge"]},"app=core&module=membersettings&controller=ban":{"lang_key":"menu__core_membersettings_ban","restriction":"ban_manage","keywords":["ip address","bans","username","email","register","banned"]},"app=core&module=customization&controller=themes":{"lang_key":"menu__core_customization_themes","restriction":"theme_sets_manage","keywords":["design","look","skins","themes"]},"app=core&module=editor&controller=emoticons":{"lang_key":"menu__core_editor_emoticons","restriction":"emoticons_manage","keywords":["smilies","smileys","emoticons"]},"app=core&module=membersettings&controller=spam&searchResult=guest_captcha":{"lang_key":"guest_captcha_search_target","restriction":"spam_manage","keywords":["guest content","delete guest posts","guest posts","delete guest content"]},"app=core&module=overview&controller=security&do=settings&searchResult=form_match_ipaddress":{"lang_key":"match_ipaddress","restriction":"security_manage","keywords":["session","ip address"]},"app=core&module=overview&controller=security&do=settings&searchResult=form_security_remove_acp_link":{"lang_key":"security_remove_acp_link","restriction":"security_manage","keywords":["acp","admin cp","admincp"]},"app=core&module=members&controller=ip":{"lang_key":"menu__core_members_ip","restriction":"membertools_ip","keywords":["address","lookup","IP"]},"app=core&module=settings&controller=posting&tab=urlFilters":{"lang_key":"ipb_url_filter_option","restriction":"posting_manage_url","keywords":["blacklist","links","whitelist","urls"]},"app=core&module=settings&controller=posting&searchResult=attachment_image_dimensions":{"lang_key":"attachment_image_size","restriction":"posting_manage","keywords":["image","size","maximum image size","attach","attachments","maximum"]},"app=core&module=settings&controller=posting&searchResult=form_merge_concurrent_posts":{"lang_key":"merge_concurrent_posts","restriction":null,"keywords":["merging","merge","concurrent"]},"app=core&module=settings&controller=login&do=settings&searchResult=disable_anonymous":{"lang_key":"disable_anonymous","restriction":"login_manage","keywords":["anonymous","anonymous login"]}}