[
    {
        "sc_key": "ajax_pagination",
        "sc_type": "YesNo",
        "sc_multiple": 0,
        "sc_content": "[{\"key\":\"\",\"value\":\"\"}]",
        "sc_app": "core",
        "sc_default": "1",
        "sc_tab_key": "custom",
        "sc_show_in_vse": 1,
        "sc_title": "themesetting_ajax_pagination",
        "sc_order": 9
    },
    {
        "sc_key": "alternate_button",
        "sc_type": "Color",
        "sc_multiple": 0,
        "sc_content": "[{\"key\":\"\",\"value\":\"\"}]",
        "sc_app": "core",
        "sc_default": "#2d4760",
        "sc_tab_key": "buttoncolors",
        "sc_show_in_vse": 0,
        "sc_title": "themesetting_alternate_button",
        "sc_order": 3
    },
    {
        "sc_key": "alternate_button_font",
        "sc_type": "Color",
        "sc_multiple": 0,
        "sc_content": "[]",
        "sc_app": "core",
        "sc_default": "#ffffff",
        "sc_tab_key": "buttoncolors",
        "sc_show_in_vse": 0,
        "sc_title": "themesetting_alternate_button_font",
        "sc_order": 4
    },
    {
        "sc_key": "area_background",
        "sc_type": "Color",
        "sc_multiple": 0,
        "sc_content": "[]",
        "sc_app": "core",
        "sc_default": "#ebebeb",
        "sc_tab_key": "frontendcolors",
        "sc_show_in_vse": 0,
        "sc_title": "themesetting_area_background",
        "sc_order": 7
    },
    {
        "sc_key": "area_background_dark",
        "sc_type": "Color",
        "sc_multiple": 0,
        "sc_content": "[]",
        "sc_app": "core",
        "sc_default": "#283a4a",
        "sc_tab_key": "frontendcolors",
        "sc_show_in_vse": 0,
        "sc_title": "themesetting_area_background_dark",
        "sc_order": 8
    },
    {
        "sc_key": "area_background_light",
        "sc_type": "Color",
        "sc_multiple": 0,
        "sc_content": "[]",
        "sc_app": "core",
        "sc_default": "#fafafa",
        "sc_tab_key": "frontendcolors",
        "sc_show_in_vse": 0,
        "sc_title": "themesetting_area_background_light",
        "sc_order": 9
    },
    {
        "sc_key": "area_background_reset",
        "sc_type": "Color",
        "sc_multiple": 0,
        "sc_content": "[]",
        "sc_app": "core",
        "sc_default": "#ffffff",
        "sc_tab_key": "frontendcolors",
        "sc_show_in_vse": 0,
        "sc_title": "themesetting_area_background_reset",
        "sc_order": 10
    },
    {
        "sc_key": "button_bar",
        "sc_type": "Color",
        "sc_multiple": 0,
        "sc_content": "[]",
        "sc_app": "core",
        "sc_default": "#3d5e78",
        "sc_tab_key": "buttoncolors",
        "sc_show_in_vse": 0,
        "sc_title": "themesetting_button_bar",
        "sc_order": 13
    },
    {
        "sc_key": "enable_fluid_width",
        "sc_type": "YesNo",
        "sc_multiple": 0,
        "sc_content": "[{\"key\":\"\",\"value\":\"\"},{\"key\":\"\",\"value\":\"\"}]",
        "sc_app": "core",
        "sc_default": "0",
        "sc_tab_key": "custom",
        "sc_show_in_vse": 1,
        "sc_title": "themesetting_enable_fluid_width",
        "sc_order": 6
    },
    {
        "sc_key": "fluid_width_size",
        "sc_type": "Number",
        "sc_multiple": 0,
        "sc_content": "[]",
        "sc_app": "core",
        "sc_default": "95",
        "sc_tab_key": "custom",
        "sc_show_in_vse": 1,
        "sc_title": "themesetting_fluid_width_size",
        "sc_order": 7
    },
    {
        "sc_key": "header",
        "sc_type": "Color",
        "sc_multiple": 0,
        "sc_content": "[]",
        "sc_app": "core",
        "sc_default": "#3d5e78",
        "sc_tab_key": "frontendcolors",
        "sc_show_in_vse": 0,
        "sc_title": "themesetting_header",
        "sc_order": 2
    },
    {
        "sc_key": "important_button",
        "sc_type": "Color",
        "sc_multiple": 0,
        "sc_content": "[]",
        "sc_app": "core",
        "sc_default": "#558e7c",
        "sc_tab_key": "buttoncolors",
        "sc_show_in_vse": 0,
        "sc_title": "themesetting_important_button",
        "sc_order": 7
    },
    {
        "sc_key": "important_button_font",
        "sc_type": "Color",
        "sc_multiple": 0,
        "sc_content": "[]",
        "sc_app": "core",
        "sc_default": "#ffffff",
        "sc_tab_key": "buttoncolors",
        "sc_show_in_vse": 0,
        "sc_title": "themesetting_important_button_font",
        "sc_order": 8
    },
    {
        "sc_key": "js_include",
        "sc_type": "Radio",
        "sc_multiple": 0,
        "sc_content": "[{\"key\":\"head\",\"value\":\"Inside the &lt;head&gt;\"},{\"key\":\"footer\",\"value\":\"Just before &lt;\\\/body&gt; tag\"}]",
        "sc_app": "core",
        "sc_default": "head",
        "sc_tab_key": "custom",
        "sc_show_in_vse": 0,
        "sc_title": "Javascript include location",
        "sc_order": 8
    },
    {
        "sc_key": "light_button",
        "sc_type": "Color",
        "sc_multiple": 0,
        "sc_content": "[]",
        "sc_app": "core",
        "sc_default": "#e5e5e5",
        "sc_tab_key": "buttoncolors",
        "sc_show_in_vse": 0,
        "sc_title": "themesetting_light_button",
        "sc_order": 9
    },
    {
        "sc_key": "light_button_font",
        "sc_type": "Color",
        "sc_multiple": 0,
        "sc_content": "[]",
        "sc_app": "core",
        "sc_default": "#333333",
        "sc_tab_key": "buttoncolors",
        "sc_show_in_vse": 0,
        "sc_title": "themesetting_light_button_font",
        "sc_order": 10
    },
    {
        "sc_key": "link",
        "sc_type": "Color",
        "sc_multiple": 0,
        "sc_content": "[]",
        "sc_app": "core",
        "sc_default": "#255b79",
        "sc_tab_key": "textcolors",
        "sc_show_in_vse": 0,
        "sc_title": "themesetting_link",
        "sc_order": 3
    },
    {
        "sc_key": "link_hover",
        "sc_type": "Color",
        "sc_multiple": 0,
        "sc_content": "[]",
        "sc_app": "core",
        "sc_default": "#cd3816",
        "sc_tab_key": "textcolors",
        "sc_show_in_vse": 0,
        "sc_title": "themesetting_link_hover",
        "sc_order": 4
    },
    {
        "sc_key": "main_nav",
        "sc_type": "Color",
        "sc_multiple": 0,
        "sc_content": "[]",
        "sc_app": "core",
        "sc_default": "#283a4a",
        "sc_tab_key": "frontendcolors",
        "sc_show_in_vse": 0,
        "sc_title": "themesetting_main_nav",
        "sc_order": 3
    },
    {
        "sc_key": "moderated",
        "sc_type": "Color",
        "sc_multiple": 0,
        "sc_content": "[{\"key\":\"\",\"value\":\"\"}]",
        "sc_app": "core",
        "sc_default": "#f5efef",
        "sc_tab_key": "frontendcolors",
        "sc_show_in_vse": 0,
        "sc_title": "themesetting_moderated",
        "sc_order": 12
    },
    {
        "sc_key": "moderated_light",
        "sc_type": "Color",
        "sc_multiple": 0,
        "sc_content": "[{\"key\":\"\",\"value\":\"\"}]",
        "sc_app": "core",
        "sc_default": "#faf7f7",
        "sc_tab_key": "frontendcolors",
        "sc_show_in_vse": 0,
        "sc_title": "themesetting_moderated_light",
        "sc_order": 13
    },
    {
        "sc_key": "moderated_text",
        "sc_type": "Color",
        "sc_multiple": 0,
        "sc_content": "[{\"key\":\"\",\"value\":\"\"}]",
        "sc_app": "core",
        "sc_default": "#834250",
        "sc_tab_key": "frontendcolors",
        "sc_show_in_vse": 0,
        "sc_title": "themesetting_moderated_text",
        "sc_order": 14
    },
    {
        "sc_key": "moderated_text_light",
        "sc_type": "Color",
        "sc_multiple": 0,
        "sc_content": "[{\"key\":\"\",\"value\":\"\"}]",
        "sc_app": "core",
        "sc_default": "#ac8c88",
        "sc_tab_key": "frontendcolors",
        "sc_show_in_vse": 0,
        "sc_title": "themesetting_moderated_text_light",
        "sc_order": 15
    },
    {
        "sc_key": "normal_button",
        "sc_type": "Color",
        "sc_multiple": 0,
        "sc_content": "[]",
        "sc_app": "core",
        "sc_default": "#417ba3",
        "sc_tab_key": "buttoncolors",
        "sc_show_in_vse": 0,
        "sc_title": "themesetting_normal_button",
        "sc_order": 5
    },
    {
        "sc_key": "normal_button_font",
        "sc_type": "Color",
        "sc_multiple": 0,
        "sc_content": "[]",
        "sc_app": "core",
        "sc_default": "#ffffff",
        "sc_tab_key": "buttoncolors",
        "sc_show_in_vse": 0,
        "sc_title": "themesetting_normal_button_font",
        "sc_order": 6
    },
    {
        "sc_key": "page_background",
        "sc_type": "Color",
        "sc_multiple": 0,
        "sc_content": "[]",
        "sc_app": "core",
        "sc_default": "#e9e9e9",
        "sc_tab_key": "frontendcolors",
        "sc_show_in_vse": 0,
        "sc_title": "themesetting_page_background",
        "sc_order": 1
    },
    {
        "sc_key": "poll_bar",
        "sc_type": "Color",
        "sc_multiple": 0,
        "sc_content": "[]",
        "sc_app": "core",
        "sc_default": "#2a94de",
        "sc_tab_key": "frontendcolors",
        "sc_show_in_vse": 1,
        "sc_title": "themesetting_poll_bar",
        "sc_order": 16
    },
    {
        "sc_key": "prefix",
        "sc_type": "Color",
        "sc_multiple": 0,
        "sc_content": "[]",
        "sc_app": "core",
        "sc_default": "#903246",
        "sc_tab_key": "frontendcolors",
        "sc_show_in_vse": 1,
        "sc_title": "themesetting_prefix",
        "sc_order": 5
    },
    {
        "sc_key": "price",
        "sc_type": "Color",
        "sc_multiple": 0,
        "sc_content": "[{\"key\":\"\",\"value\":\"\"}]",
        "sc_app": "core",
        "sc_default": "#cd3816",
        "sc_tab_key": "textcolors",
        "sc_show_in_vse": 1,
        "sc_title": "Price",
        "sc_order": 9
    },
    {
        "sc_key": "primary_button",
        "sc_type": "Color",
        "sc_multiple": 0,
        "sc_content": "[]",
        "sc_app": "core",
        "sc_default": "#262e33",
        "sc_tab_key": "buttoncolors",
        "sc_show_in_vse": 0,
        "sc_title": "themesetting_primary_button",
        "sc_order": 1
    },
    {
        "sc_key": "primary_button_font",
        "sc_type": "Color",
        "sc_multiple": 0,
        "sc_content": "[]",
        "sc_app": "core",
        "sc_default": "#ffffff",
        "sc_tab_key": "buttoncolors",
        "sc_show_in_vse": 0,
        "sc_title": "themesetting_primary_button_font",
        "sc_order": 2
    },
    {
        "sc_key": "profile_header",
        "sc_type": "Color",
        "sc_multiple": 0,
        "sc_content": "[]",
        "sc_app": "core",
        "sc_default": "#262e33",
        "sc_tab_key": "frontendcolors",
        "sc_show_in_vse": 0,
        "sc_title": "themesetting_profile_header",
        "sc_order": 4
    },
    {
        "sc_key": "rating_hover",
        "sc_type": "Color",
        "sc_multiple": 0,
        "sc_content": "[]",
        "sc_app": "core",
        "sc_default": "#2a94de",
        "sc_tab_key": "frontendcolors",
        "sc_show_in_vse": 1,
        "sc_title": "themesetting_rating_hover",
        "sc_order": 17
    },
    {
        "sc_key": "rating_on",
        "sc_type": "Color",
        "sc_multiple": 0,
        "sc_content": "[]",
        "sc_app": "core",
        "sc_default": "#af2b35",
        "sc_tab_key": "frontendcolors",
        "sc_show_in_vse": 1,
        "sc_title": "themesetting_rating_on",
        "sc_order": 18
    },
    {
        "sc_key": "responsive",
        "sc_type": "YesNo",
        "sc_multiple": 0,
        "sc_content": "[{\"key\":\"\",\"value\":\"\"},{\"key\":\"\",\"value\":\"\"}]",
        "sc_app": "core",
        "sc_default": "1",
        "sc_tab_key": "custom",
        "sc_show_in_vse": 0,
        "sc_title": "themesetting_responsive",
        "sc_order": 1
    },
    {
        "sc_key": "rounded_photos",
        "sc_type": "YesNo",
        "sc_multiple": 0,
        "sc_content": "[{\"key\":\"\",\"value\":\"\"},{\"key\":\"\",\"value\":\"\"}]",
        "sc_app": "core",
        "sc_default": "1",
        "sc_tab_key": "custom",
        "sc_show_in_vse": 0,
        "sc_title": "themesetting_rounded_photos",
        "sc_order": 2
    },
    {
        "sc_key": "secondary_title",
        "sc_type": "Color",
        "sc_multiple": 0,
        "sc_content": "[{\"key\":\"\",\"value\":\"\"}]",
        "sc_app": "core",
        "sc_default": "#3d5e78",
        "sc_tab_key": "textcolors",
        "sc_show_in_vse": 0,
        "sc_title": "themesetting_secondary_title",
        "sc_order": 7
    },
    {
        "sc_key": "secondary_title_font",
        "sc_type": "Color",
        "sc_multiple": 0,
        "sc_content": "[{\"key\":\"\",\"value\":\"\"}]",
        "sc_app": "core",
        "sc_default": "#ffffff",
        "sc_tab_key": "textcolors",
        "sc_show_in_vse": 0,
        "sc_title": "themesetting_secondary_title_font",
        "sc_order": 8
    },
    {
        "sc_key": "section_title",
        "sc_type": "Color",
        "sc_multiple": 0,
        "sc_content": "[]",
        "sc_app": "core",
        "sc_default": "#283a4a",
        "sc_tab_key": "textcolors",
        "sc_show_in_vse": 0,
        "sc_title": "themesetting_section_title",
        "sc_order": 5
    },
    {
        "sc_key": "section_title_font",
        "sc_type": "Color",
        "sc_multiple": 0,
        "sc_content": "[]",
        "sc_app": "core",
        "sc_default": "#ffffff",
        "sc_tab_key": "textcolors",
        "sc_show_in_vse": 0,
        "sc_title": "themesetting_section_title_font",
        "sc_order": 6
    },
    {
        "sc_key": "selected",
        "sc_type": "Color",
        "sc_multiple": 0,
        "sc_content": "[]",
        "sc_app": "core",
        "sc_default": "#ebf4f9",
        "sc_tab_key": "frontendcolors",
        "sc_show_in_vse": 1,
        "sc_title": "themesetting_selected",
        "sc_order": 6
    },
    {
        "sc_key": "sidebar_position",
        "sc_type": "Select",
        "sc_multiple": 0,
        "sc_content": "[{\"key\":\"left\",\"value\":\"Left\"},{\"key\":\"right\",\"value\":\"Right\"}]",
        "sc_app": "core",
        "sc_default": "right",
        "sc_tab_key": "custom",
        "sc_show_in_vse": 0,
        "sc_title": "themesetting_sidebar_position",
        "sc_order": 3
    },
    {
        "sc_key": "sidebar_responsive",
        "sc_type": "YesNo",
        "sc_multiple": 0,
        "sc_content": "[{\"key\":\"\",\"value\":\"\"}]",
        "sc_app": "core",
        "sc_default": "1",
        "sc_tab_key": "custom",
        "sc_show_in_vse": 1,
        "sc_title": "themesetting_sidebar_responsive",
        "sc_order": 4
    },
    {
        "sc_key": "step_background",
        "sc_type": "Color",
        "sc_multiple": 0,
        "sc_content": "[]",
        "sc_app": "core",
        "sc_default": "#903246",
        "sc_tab_key": "frontendcolors",
        "sc_show_in_vse": 1,
        "sc_title": "themesetting_step_background",
        "sc_order": 19
    },
    {
        "sc_key": "text_color",
        "sc_type": "Color",
        "sc_multiple": 0,
        "sc_content": "[]",
        "sc_app": "core",
        "sc_default": "#525252",
        "sc_tab_key": "textcolors",
        "sc_show_in_vse": 0,
        "sc_title": "themesetting_text_color",
        "sc_order": 1
    },
    {
        "sc_key": "text_light",
        "sc_type": "Color",
        "sc_multiple": 0,
        "sc_content": "[]",
        "sc_app": "core",
        "sc_default": "#9c9c9c",
        "sc_tab_key": "textcolors",
        "sc_show_in_vse": 0,
        "sc_title": "themesetting_text_light",
        "sc_order": 2
    },
    {
        "sc_key": "very_light_button",
        "sc_type": "Color",
        "sc_multiple": 0,
        "sc_content": "[]",
        "sc_app": "core",
        "sc_default": "#ffffff",
        "sc_tab_key": "buttoncolors",
        "sc_show_in_vse": 0,
        "sc_title": "themesetting_very_light_button",
        "sc_order": 11
    },
    {
        "sc_key": "very_light_button_font",
        "sc_type": "Color",
        "sc_multiple": 0,
        "sc_content": "[]",
        "sc_app": "core",
        "sc_default": "#333333",
        "sc_tab_key": "buttoncolors",
        "sc_show_in_vse": 0,
        "sc_title": "themesetting_very_light_button_font",
        "sc_order": 12
    },
    {
        "sc_key": "widget_title_bar",
        "sc_type": "Color",
        "sc_multiple": 0,
        "sc_content": "[]",
        "sc_app": "core",
        "sc_default": "#283a4a",
        "sc_tab_key": "frontendcolors",
        "sc_show_in_vse": 0,
        "sc_title": "themesetting_widget_title_bar",
        "sc_order": 11
    }
]