{"app=blog&module=blogs&controller=settings&searchResult=form_blog_enable_rating":{"lang_key":"blog_enable_rating","restriction":"settings_manage","keywords":["blog ratings"]},"app=blog&module=blogs&controller=settings&searchResult=form_blog_allow_rssimport":{"lang_key":"blog_allow_rssimport","restriction":"settings_manage","keywords":["blog rss import"]},"app=blog&module=blogs&controller=settings&searchResult=form_blog_allow_rss":{"lang_key":"blog_allow_rss","restriction":"settings_manage","keywords":["blog rss export"]},"app=blog&module=blogs&controller=settings":{"lang_key":"menu__blog_blogs_settings","restriction":"settings_manage","keywords":["blog settings"]},"app=blog&module=blogs&controller=blogs":{"lang_key":"menu__blog_blogs_blogs","restriction":"blogs_manage","keywords":["blogs","manage blogs","group blogs"]}}