{
    "blog_blogs": {
        "name": "blog_blogs",
        "columns": {
            "blog_id": {
                "allow_null": false,
                "auto_increment": true,
                "binary": false,
                "comment": "",
                "decimals": null,
                "default": null,
                "length": 10,
                "name": "blog_id",
                "type": "INT",
                "unsigned": false,
                "values": [],
                "zerofill": false
            },
            "blog_member_id": {
                "allow_null": false,
                "auto_increment": false,
                "binary": false,
                "comment": "",
                "decimals": null,
                "default": "0",
                "length": 8,
                "name": "blog_member_id",
                "type": "MEDIUMINT",
                "unsigned": false,
                "values": [],
                "zerofill": false
            },
            "blog_num_views": {
                "allow_null": true,
                "auto_increment": false,
                "binary": false,
                "comment": "",
                "decimals": null,
                "default": "0",
                "length": 10,
                "name": "blog_num_views",
                "type": "INT",
                "unsigned": false,
                "values": [],
                "zerofill": false
            },
            "blog_pinned": {
                "allow_null": false,
                "auto_increment": false,
                "binary": false,
                "comment": "",
                "decimals": null,
                "default": "0",
                "length": 1,
                "name": "blog_pinned",
                "type": "TINYINT",
                "unsigned": false,
                "values": [],
                "zerofill": false
            },
            "blog_disabled": {
                "allow_null": false,
                "auto_increment": false,
                "binary": false,
                "comment": "",
                "decimals": null,
                "default": "0",
                "length": 1,
                "name": "blog_disabled",
                "type": "TINYINT",
                "unsigned": false,
                "values": [],
                "zerofill": false
            },
            "blog_allowguests": {
                "allow_null": false,
                "auto_increment": false,
                "binary": false,
                "comment": "",
                "decimals": null,
                "default": "1",
                "length": 1,
                "name": "blog_allowguests",
                "type": "TINYINT",
                "unsigned": false,
                "values": [],
                "zerofill": false
            },
            "blog_rating_total": {
                "allow_null": true,
                "auto_increment": false,
                "binary": false,
                "comment": "",
                "decimals": null,
                "default": "0",
                "length": 10,
                "name": "blog_rating_total",
                "type": "INT",
                "unsigned": false,
                "values": [],
                "zerofill": false
            },
            "blog_rating_count": {
                "allow_null": true,
                "auto_increment": false,
                "binary": false,
                "comment": "",
                "decimals": null,
                "default": "0",
                "length": 10,
                "name": "blog_rating_count",
                "type": "INT",
                "unsigned": false,
                "values": [],
                "zerofill": false
            },
            "blog_settings": {
                "allow_null": true,
                "auto_increment": false,
                "binary": false,
                "comment": "",
                "decimals": null,
                "default": null,
                "length": 0,
                "name": "blog_settings",
                "type": "TEXT",
                "unsigned": false,
                "values": [],
                "zerofill": false
            },
            "blog_last_visitors": {
                "allow_null": true,
                "auto_increment": false,
                "binary": false,
                "comment": "",
                "decimals": null,
                "default": null,
                "length": 0,
                "name": "blog_last_visitors",
                "type": "TEXT",
                "unsigned": false,
                "values": [],
                "zerofill": false
            },
            "blog_view_level": {
                "allow_null": false,
                "auto_increment": false,
                "binary": false,
                "comment": "",
                "decimals": null,
                "default": "",
                "length": 12,
                "name": "blog_view_level",
                "type": "VARCHAR",
                "unsigned": false,
                "values": [],
                "zerofill": false
            },
            "blog_seo_name": {
                "allow_null": true,
                "auto_increment": false,
                "binary": false,
                "comment": "",
                "decimals": null,
                "default": null,
                "length": 255,
                "name": "blog_seo_name",
                "type": "VARCHAR",
                "unsigned": false,
                "values": [],
                "zerofill": false
            },
            "blog_editors": {
                "allow_null": true,
                "auto_increment": false,
                "binary": false,
                "comment": "",
                "decimals": null,
                "default": null,
                "length": 3,
                "name": "blog_editors",
                "type": "INT",
                "unsigned": false,
                "values": [],
                "zerofill": false
            },
            "blog_groupblog_ids": {
                "allow_null": false,
                "auto_increment": false,
                "binary": false,
                "comment": "",
                "decimals": null,
                "default": "",
                "length": 255,
                "name": "blog_groupblog_ids",
                "type": "VARCHAR",
                "unsigned": false,
                "values": [],
                "zerofill": false
            },
            "blog_groupblog": {
                "allow_null": false,
                "auto_increment": false,
                "binary": false,
                "comment": "",
                "decimals": null,
                "default": "0",
                "length": 1,
                "name": "blog_groupblog",
                "type": "INT",
                "unsigned": false,
                "values": [],
                "zerofill": false
            },
            "blog_last_edate": {
                "allow_null": false,
                "auto_increment": false,
                "binary": false,
                "comment": "",
                "decimals": null,
                "default": "0",
                "length": 10,
                "name": "blog_last_edate",
                "type": "INT",
                "unsigned": false,
                "values": [],
                "zerofill": false
            },
            "blog_owner_only": {
                "allow_null": false,
                "auto_increment": false,
                "binary": false,
                "comment": "",
                "decimals": null,
                "default": "0",
                "length": 1,
                "name": "blog_owner_only",
                "type": "INT",
                "unsigned": false,
                "values": [],
                "zerofill": false
            },
            "blog_authorized_users": {
                "allow_null": true,
                "auto_increment": false,
                "binary": false,
                "comment": "",
                "decimals": null,
                "default": null,
                "length": 255,
                "name": "blog_authorized_users",
                "type": "VARCHAR",
                "unsigned": false,
                "values": [],
                "zerofill": false
            },
            "blog_count_entries": {
                "name": "blog_count_entries",
                "type": "INT",
                "length": 11,
                "decimals": null,
                "values": [],
                "allow_null": false,
                "default": "0",
                "comment": "",
                "unsigned": true,
                "zerofill": false,
                "auto_increment": false,
                "binary": false
            },
            "blog_count_comments": {
                "name": "blog_count_comments",
                "type": "INT",
                "length": 11,
                "decimals": null,
                "values": [],
                "allow_null": false,
                "default": "0",
                "comment": "",
                "unsigned": true,
                "zerofill": false,
                "auto_increment": false,
                "binary": false
            },
            "blog_count_entries_hidden": {
                "name": "blog_count_entries_hidden",
                "type": "INT",
                "length": 11,
                "decimals": null,
                "values": [],
                "allow_null": false,
                "default": "0",
                "comment": "",
                "unsigned": true,
                "zerofill": false,
                "auto_increment": false,
                "binary": false
            },
            "blog_count_comments_hidden": {
                "name": "blog_count_comments_hidden",
                "type": "INT",
                "length": 11,
                "decimals": null,
                "values": [],
                "allow_null": false,
                "default": "0",
                "comment": "",
                "unsigned": true,
                "zerofill": false,
                "auto_increment": false,
                "binary": false
            },
            "blog_rating_average": {
                "name": "blog_rating_average",
                "type": "INT",
                "length": 11,
                "decimals": null,
                "values": [],
                "allow_null": false,
                "default": "0",
                "comment": "",
                "unsigned": true,
                "zerofill": false,
                "auto_increment": false,
                "binary": false
            },
            "blog_cover_photo": {
                "name": "blog_cover_photo",
                "type": "TEXT",
                "length": null,
                "decimals": null,
                "values": [],
                "allow_null": true,
                "default": null,
                "comment": "",
                "unsigned": false,
                "zerofill": false,
                "auto_increment": false,
                "binary": false
            },
            "blog_cover_photo_offset": {
                "name": "blog_cover_photo_offset",
                "type": "INT",
                "length": 10,
                "decimals": null,
                "values": [],
                "allow_null": true,
                "default": null,
                "comment": "",
                "unsigned": false,
                "zerofill": false,
                "auto_increment": false,
                "binary": false
            },
            "blog_social_group": {
                "name": "blog_social_group",
                "type": "INT",
                "length": 10,
                "decimals": null,
                "values": [],
                "allow_null": true,
                "default": null,
                "comment": "The social group ID, is this is a private blog",
                "unsigned": true,
                "zerofill": false,
                "auto_increment": false,
                "binary": false
            },
            "blog_count_entries_future": {
                "name": "blog_count_entries_future",
                "type": "INT",
                "length": 10,
                "decimals": null,
                "values": [],
                "allow_null": false,
                "default": "0",
                "comment": "",
                "unsigned": true,
                "zerofill": false,
                "auto_increment": false,
                "binary": false
            }
        },
        "indexes": {
            "PRIMARY": {
                "type": "primary",
                "name": "PRIMARY",
                "length": [
                    null
                ],
                "columns": [
                    "blog_id"
                ]
            },
            "blog_groupblog": {
                "type": "key",
                "name": "blog_groupblog",
                "length": [
                    null
                ],
                "columns": [
                    "blog_groupblog"
                ]
            },
            "blog_grabber": {
                "type": "key",
                "name": "blog_grabber",
                "length": [
                    null,
                    null
                ],
                "columns": [
                    "blog_disabled",
                    "blog_view_level"
                ]
            },
            "blog_view_level": {
                "type": "key",
                "name": "blog_view_level",
                "length": [
                    null
                ],
                "columns": [
                    "blog_view_level"
                ]
            },
            "blog_pinned": {
                "type": "key",
                "name": "blog_pinned",
                "length": [
                    null
                ],
                "columns": [
                    "blog_pinned"
                ]
            },
            "blog_last_edate": {
                "type": "key",
                "name": "blog_last_edate",
                "length": [
                    null
                ],
                "columns": [
                    "blog_last_edate"
                ]
            },
            "blog_member_id": {
                "type": "key",
                "name": "blog_member_id",
                "length": [
                    null
                ],
                "columns": [
                    "blog_member_id"
                ]
            },
            "auth_user": {
                "type": "key",
                "name": "auth_user",
                "length": [
                    null,
                    253
                ],
                "columns": [
                    "blog_owner_only",
                    "blog_authorized_users"
                ]
            },
            "as_list_view": {
                "type": "key",
                "name": "as_list_view",
                "length": [
                    null,
                    null,
                    null,
                    null
                ],
                "columns": [
                    "blog_pinned",
                    "blog_disabled",
                    "blog_allowguests",
                    "blog_last_edate"
                ]
            }
        }
    },
    "blog_entries": {
        "name": "blog_entries",
        "columns": {
            "entry_id": {
                "allow_null": false,
                "auto_increment": true,
                "binary": false,
                "comment": "",
                "decimals": null,
                "default": null,
                "length": 10,
                "name": "entry_id",
                "type": "INT",
                "unsigned": false,
                "values": [],
                "zerofill": false
            },
            "entry_blog_id": {
                "allow_null": false,
                "auto_increment": false,
                "binary": false,
                "comment": "",
                "decimals": null,
                "default": "0",
                "length": 10,
                "name": "entry_blog_id",
                "type": "INT",
                "unsigned": false,
                "values": [],
                "zerofill": false
            },
            "entry_author_id": {
                "allow_null": false,
                "auto_increment": false,
                "binary": false,
                "comment": "",
                "decimals": null,
                "default": "0",
                "length": 10,
                "name": "entry_author_id",
                "type": "INT",
                "unsigned": false,
                "values": [],
                "zerofill": false
            },
            "entry_author_name": {
                "allow_null": false,
                "auto_increment": false,
                "binary": false,
                "comment": "",
                "decimals": null,
                "default": "",
                "length": 255,
                "name": "entry_author_name",
                "type": "VARCHAR",
                "unsigned": false,
                "values": [],
                "zerofill": false
            },
            "entry_date": {
                "allow_null": true,
                "auto_increment": false,
                "binary": false,
                "comment": "",
                "decimals": null,
                "default": null,
                "length": 10,
                "name": "entry_date",
                "type": "INT",
                "unsigned": false,
                "values": [],
                "zerofill": false
            },
            "entry_name": {
                "allow_null": true,
                "auto_increment": false,
                "binary": false,
                "comment": "",
                "decimals": null,
                "default": null,
                "length": 250,
                "name": "entry_name",
                "type": "VARCHAR",
                "unsigned": false,
                "values": [],
                "zerofill": false
            },
            "entry_content": {
                "allow_null": true,
                "auto_increment": false,
                "binary": false,
                "comment": "",
                "decimals": null,
                "default": null,
                "length": 0,
                "name": "entry_content",
                "type": "TEXT",
                "unsigned": false,
                "values": [],
                "zerofill": false
            },
            "entry_status": {
                "allow_null": true,
                "auto_increment": false,
                "binary": false,
                "comment": "",
                "decimals": null,
                "default": null,
                "length": 10,
                "name": "entry_status",
                "type": "VARCHAR",
                "unsigned": false,
                "values": [],
                "zerofill": false
            },
            "entry_locked": {
                "allow_null": true,
                "auto_increment": false,
                "binary": false,
                "comment": "",
                "decimals": null,
                "default": "0",
                "length": 1,
                "name": "entry_locked",
                "type": "TINYINT",
                "unsigned": false,
                "values": [],
                "zerofill": false
            },
            "entry_num_comments": {
                "allow_null": true,
                "auto_increment": false,
                "binary": false,
                "comment": "",
                "decimals": null,
                "default": "0",
                "length": 10,
                "name": "entry_num_comments",
                "type": "INT",
                "unsigned": false,
                "values": [],
                "zerofill": false
            },
            "entry_last_comment_mid": {
                "allow_null": true,
                "auto_increment": false,
                "binary": false,
                "comment": "",
                "decimals": null,
                "default": null,
                "length": 10,
                "name": "entry_last_comment_mid",
                "type": "INT",
                "unsigned": false,
                "values": [],
                "zerofill": false
            },
            "entry_queued_comments": {
                "allow_null": false,
                "auto_increment": false,
                "binary": false,
                "comment": "",
                "decimals": null,
                "default": "0",
                "length": 5,
                "name": "entry_queued_comments",
                "type": "SMALLINT",
                "unsigned": false,
                "values": [],
                "zerofill": false
            },
            "entry_post_key": {
                "allow_null": true,
                "auto_increment": false,
                "binary": false,
                "comment": "",
                "decimals": null,
                "default": null,
                "length": 32,
                "name": "entry_post_key",
                "type": "VARCHAR",
                "unsigned": false,
                "values": [],
                "zerofill": false
            },
            "entry_edit_time": {
                "allow_null": true,
                "auto_increment": false,
                "binary": false,
                "comment": "",
                "decimals": null,
                "default": null,
                "length": 10,
                "name": "entry_edit_time",
                "type": "INT",
                "unsigned": false,
                "values": [],
                "zerofill": false
            },
            "entry_edit_name": {
                "allow_null": true,
                "auto_increment": false,
                "binary": false,
                "comment": "",
                "decimals": null,
                "default": null,
                "length": 255,
                "name": "entry_edit_name",
                "type": "VARCHAR",
                "unsigned": false,
                "values": [],
                "zerofill": false
            },
            "entry_last_update": {
                "allow_null": true,
                "auto_increment": false,
                "binary": false,
                "comment": "",
                "decimals": null,
                "default": "0",
                "length": 10,
                "name": "entry_last_update",
                "type": "INT",
                "unsigned": false,
                "values": [],
                "zerofill": false
            },
            "entry_gallery_album": {
                "allow_null": true,
                "auto_increment": false,
                "binary": false,
                "comment": "",
                "decimals": null,
                "default": "0",
                "length": 10,
                "name": "entry_gallery_album",
                "type": "INT",
                "unsigned": false,
                "values": [],
                "zerofill": false
            },
            "entry_poll_state": {
                "name": "entry_poll_state",
                "type": "INT",
                "length": 8,
                "decimals": null,
                "values": [],
                "allow_null": true,
                "default": null,
                "comment": "",
                "unsigned": true,
                "zerofill": false,
                "auto_increment": false,
                "binary": false
            },
            "entry_featured": {
                "allow_null": false,
                "auto_increment": false,
                "binary": false,
                "comment": "",
                "decimals": null,
                "default": "0",
                "length": 1,
                "name": "entry_featured",
                "type": "TINYINT",
                "unsigned": false,
                "values": [],
                "zerofill": false
            },
            "entry_name_seo": {
                "allow_null": true,
                "auto_increment": false,
                "binary": false,
                "comment": "",
                "decimals": null,
                "default": null,
                "length": 255,
                "name": "entry_name_seo",
                "type": "VARCHAR",
                "unsigned": false,
                "values": [],
                "zerofill": false
            },
            "entry_publish_date": {
                "allow_null": false,
                "auto_increment": false,
                "binary": false,
                "comment": "",
                "decimals": null,
                "default": "0",
                "length": 10,
                "name": "entry_publish_date",
                "type": "INT",
                "unsigned": true,
                "values": [],
                "zerofill": false
            },
            "entry_image": {
                "allow_null": false,
                "auto_increment": false,
                "binary": false,
                "comment": "",
                "decimals": null,
                "default": "",
                "length": 255,
                "name": "entry_image",
                "type": "VARCHAR",
                "unsigned": false,
                "values": [],
                "zerofill": false
            },
            "entry_views": {
                "allow_null": false,
                "auto_increment": false,
                "binary": false,
                "comment": "",
                "decimals": null,
                "default": "0",
                "length": 10,
                "name": "entry_views",
                "type": "INT",
                "unsigned": false,
                "values": [],
                "zerofill": false
            },
            "entry_hidden": {
                "allow_null": false,
                "auto_increment": false,
                "binary": false,
                "comment": "",
                "decimals": null,
                "default": "0",
                "length": 1,
                "name": "entry_hidden",
                "type": "TINYINT",
                "unsigned": false,
                "values": [],
                "zerofill": false
            },
            "entry_pinned": {
                "allow_null": false,
                "auto_increment": false,
                "binary": false,
                "comment": "",
                "decimals": null,
                "default": "0",
                "length": 1,
                "name": "entry_pinned",
                "type": "TINYINT",
                "unsigned": true,
                "values": [],
                "zerofill": false
            },
            "entry_ip_address": {
                "allow_null": true,
                "auto_increment": false,
                "binary": false,
                "comment": "",
                "decimals": null,
                "default": "0",
                "length": 46,
                "name": "entry_ip_address",
                "type": "VARCHAR",
                "unsigned": false,
                "values": [],
                "zerofill": false
            },
            "entry_cover_photo": {
                "name": "entry_cover_photo",
                "type": "TEXT",
                "length": null,
                "decimals": null,
                "values": [],
                "allow_null": true,
                "default": null,
                "comment": "",
                "unsigned": false,
                "zerofill": false,
                "auto_increment": false,
                "binary": false
            },
            "entry_cover_photo_offset": {
                "name": "entry_cover_photo_offset",
                "type": "INT",
                "length": 10,
                "decimals": null,
                "values": [],
                "allow_null": true,
                "default": null,
                "comment": "",
                "unsigned": true,
                "zerofill": false,
                "auto_increment": false,
                "binary": false
            },
            "entry_hidden_comments": {
                "name": "entry_hidden_comments",
                "type": "INT",
                "length": 10,
                "decimals": null,
                "values": [],
                "allow_null": true,
                "default": null,
                "comment": "",
                "unsigned": true,
                "zerofill": false,
                "auto_increment": false,
                "binary": false
            },
            "entry_is_future_entry": {
                "name": "entry_is_future_entry",
                "type": "TINYINT",
                "length": 1,
                "decimals": null,
                "values": [],
                "allow_null": false,
                "default": "0",
                "comment": "Flag to show if an entry is set to be published in the future via the task",
                "unsigned": true,
                "zerofill": false,
                "auto_increment": false,
                "binary": false
            }
        },
        "indexes": {
            "PRIMARY": {
                "type": "primary",
                "name": "PRIMARY",
                "length": [
                    null
                ],
                "columns": [
                    "entry_id"
                ]
            },
            "entry_blog_id": {
                "type": "key",
                "name": "entry_blog_id",
                "length": [
                    null,
                    null,
                    null
                ],
                "columns": [
                    "entry_blog_id",
                    "entry_status",
                    "entry_date"
                ]
            },
            "entry_last_update": {
                "type": "key",
                "name": "entry_last_update",
                "length": [
                    null,
                    null,
                    null
                ],
                "columns": [
                    "entry_blog_id",
                    "entry_status",
                    "entry_last_update"
                ]
            },
            "entry_category_id": {
                "type": "key",
                "name": "entry_category_id",
                "length": [
                    null
                ],
                "columns": [
                    "entry_blog_id"
                ]
            },
            "entry_featured": {
                "type": "key",
                "name": "entry_featured",
                "length": [
                    null
                ],
                "columns": [
                    "entry_featured"
                ]
            },
            "entry_date": {
                "type": "key",
                "name": "entry_date",
                "length": [
                    null
                ],
                "columns": [
                    "entry_date"
                ]
            },
            "entry_status": {
                "type": "key",
                "name": "entry_status",
                "length": [
                    null,
                    null
                ],
                "columns": [
                    "entry_status",
                    "entry_last_update"
                ]
            },
            "entry_future_date": {
                "type": "key",
                "name": "entry_future_date",
                "length": [
                    null,
                    null
                ],
                "columns": [
                    "entry_publish_date",
                    "entry_date"
                ]
            },
            "ip_lookup": {
                "type": "key",
                "name": "ip_lookup",
                "columns": [
                    "entry_ip_address"
                ],
                "length": [
                    null
                ]
            }
        }
    },
    "blog_comments": {
        "name": "blog_comments",
        "columns": {
            "comment_id": {
                "allow_null": false,
                "auto_increment": true,
                "binary": false,
                "comment": "",
                "decimals": null,
                "default": null,
                "length": 10,
                "name": "comment_id",
                "type": "INT",
                "unsigned": false,
                "values": [],
                "zerofill": false
            },
            "comment_entry_id": {
                "allow_null": false,
                "auto_increment": false,
                "binary": false,
                "comment": "",
                "decimals": null,
                "default": "0",
                "length": 10,
                "name": "comment_entry_id",
                "type": "INT",
                "unsigned": false,
                "values": [],
                "zerofill": false
            },
            "comment_member_id": {
                "allow_null": true,
                "auto_increment": false,
                "binary": false,
                "comment": "",
                "decimals": null,
                "default": null,
                "length": 10,
                "name": "comment_member_id",
                "type": "INT",
                "unsigned": false,
                "values": [],
                "zerofill": false
            },
            "comment_member_name": {
                "allow_null": true,
                "auto_increment": false,
                "binary": false,
                "comment": "",
                "decimals": null,
                "default": null,
                "length": 255,
                "name": "comment_member_name",
                "type": "VARCHAR",
                "unsigned": false,
                "values": [],
                "zerofill": false
            },
            "comment_ip_address": {
                "allow_null": true,
                "auto_increment": false,
                "binary": false,
                "comment": "",
                "decimals": null,
                "default": null,
                "length": 46,
                "name": "comment_ip_address",
                "type": "VARCHAR",
                "unsigned": false,
                "values": [],
                "zerofill": false
            },
            "comment_date": {
                "allow_null": true,
                "auto_increment": false,
                "binary": false,
                "comment": "",
                "decimals": null,
                "default": null,
                "length": 10,
                "name": "comment_date",
                "type": "INT",
                "unsigned": false,
                "values": [],
                "zerofill": false
            },
            "comment_edit_time": {
                "allow_null": true,
                "auto_increment": false,
                "binary": false,
                "comment": "",
                "decimals": null,
                "default": null,
                "length": 10,
                "name": "comment_edit_time",
                "type": "INT",
                "unsigned": false,
                "values": [],
                "zerofill": false
            },
            "comment_text": {
                "allow_null": true,
                "auto_increment": false,
                "binary": false,
                "comment": "",
                "decimals": null,
                "default": null,
                "length": 0,
                "name": "comment_text",
                "type": "TEXT",
                "unsigned": false,
                "values": [],
                "zerofill": false
            },
            "comment_approved": {
                "allow_null": true,
                "auto_increment": false,
                "binary": false,
                "comment": "",
                "decimals": null,
                "default": "0",
                "length": 1,
                "name": "comment_approved",
                "type": "INT",
                "unsigned": false,
                "values": [],
                "zerofill": false
            },
            "comment_edit_member_name": {
                "allow_null": true,
                "auto_increment": false,
                "binary": false,
                "comment": "",
                "decimals": null,
                "default": null,
                "length": 255,
                "name": "comment_edit_member_name",
                "type": "VARCHAR",
                "unsigned": false,
                "values": [],
                "zerofill": false
            },
            "comment_edit_show": {
                "allow_null": false,
                "auto_increment": false,
                "binary": false,
                "comment": "",
                "decimals": null,
                "default": "0",
                "length": 1,
                "name": "comment_edit_show",
                "type": "TINYINT",
                "unsigned": true,
                "values": [],
                "zerofill": false
            }
        },
        "indexes": {
            "PRIMARY": {
                "type": "primary",
                "name": "PRIMARY",
                "length": [
                    null
                ],
                "columns": [
                    "comment_id"
                ]
            },
            "comment_member_id": {
                "type": "key",
                "name": "comment_member_id",
                "length": [
                    null,
                    null
                ],
                "columns": [
                    "comment_member_id",
                    "comment_date"
                ]
            },
            "entry_comment": {
                "type": "key",
                "name": "entry_comment",
                "length": [
                    null,
                    null
                ],
                "columns": [
                    "comment_id",
                    "comment_entry_id"
                ]
            },
            "entry_id": {
                "type": "key",
                "name": "entry_id",
                "length": [
                    null,
                    null
                ],
                "columns": [
                    "comment_entry_id",
                    "comment_approved"
                ]
            },
            "comment_approved": {
                "type": "key",
                "name": "comment_approved",
                "columns": [
                    "comment_approved"
                ],
                "length": [
                    null
                ]
            },
            "ip_lookup": {
                "type": "key",
                "name": "ip_lookup",
                "columns": [
                    "comment_ip_address"
                ],
                "length": [
                    null
                ]
            }
        }
    },
    "blog_rss_import": {
        "name": "blog_rss_import",
        "columns": {
            "rss_id": {
                "allow_null": false,
                "auto_increment": true,
                "binary": false,
                "comment": "",
                "decimals": null,
                "default": null,
                "length": 10,
                "name": "rss_id",
                "type": "INT",
                "unsigned": false,
                "values": [],
                "zerofill": false
            },
            "rss_blog_id": {
                "allow_null": false,
                "auto_increment": false,
                "binary": false,
                "comment": "",
                "decimals": null,
                "default": "0",
                "length": 10,
                "name": "rss_blog_id",
                "type": "INT",
                "unsigned": false,
                "values": [],
                "zerofill": false
            },
            "rss_url": {
                "allow_null": false,
                "auto_increment": false,
                "binary": false,
                "comment": "",
                "decimals": null,
                "default": "",
                "length": 255,
                "name": "rss_url",
                "type": "VARCHAR",
                "unsigned": false,
                "values": [],
                "zerofill": false
            },
            "rss_auth_user": {
                "allow_null": false,
                "auto_increment": false,
                "binary": false,
                "comment": "",
                "decimals": null,
                "default": "",
                "length": 255,
                "name": "rss_auth_user",
                "type": "VARCHAR",
                "unsigned": false,
                "values": [],
                "zerofill": false
            },
            "rss_auth_pass": {
                "allow_null": false,
                "auto_increment": false,
                "binary": false,
                "comment": "",
                "decimals": null,
                "default": "",
                "length": 255,
                "name": "rss_auth_pass",
                "type": "VARCHAR",
                "unsigned": false,
                "values": [],
                "zerofill": false
            },
            "rss_last_import": {
                "allow_null": false,
                "auto_increment": false,
                "binary": false,
                "comment": "",
                "decimals": null,
                "default": "0",
                "length": 10,
                "name": "rss_last_import",
                "type": "INT",
                "unsigned": false,
                "values": [],
                "zerofill": false
            },
            "rss_tags": {
                "allow_null": true,
                "auto_increment": false,
                "binary": false,
                "comment": "",
                "decimals": null,
                "default": null,
                "length": 0,
                "name": "rss_tags",
                "type": "TEXT",
                "unsigned": false,
                "values": [],
                "zerofill": false
            },
            "rss_member": {
                "name": "rss_member",
                "type": "MEDIUMINT",
                "length": 8,
                "decimals": null,
                "values": [],
                "allow_null": false,
                "default": "0",
                "comment": "",
                "unsigned": true,
                "zerofill": false,
                "auto_increment": false,
                "binary": false
            },
            "rss_import_show_link": {
                "name": "rss_import_show_link",
                "type": "VARCHAR",
                "length": 255,
                "decimals": null,
                "values": [],
                "allow_null": true,
                "default": null,
                "comment": "Text to show for link to full article",
                "unsigned": false,
                "zerofill": false,
                "auto_increment": false,
                "binary": false
            }
        },
        "indexes": {
            "PRIMARY": {
                "type": "primary",
                "name": "PRIMARY",
                "length": [
                    null
                ],
                "columns": [
                    "rss_id"
                ]
            },
            "blog_time": {
                "type": "key",
                "name": "blog_time",
                "length": [
                    null,
                    null
                ],
                "columns": [
                    "rss_blog_id",
                    "rss_last_import"
                ]
            },
            "rss_blog_id": {
                "type": "key",
                "name": "rss_blog_id",
                "length": [
                    null
                ],
                "columns": [
                    "rss_blog_id"
                ]
            },
            "rss_last_import": {
                "type": "key",
                "name": "rss_last_import",
                "length": [
                    null
                ],
                "columns": [
                    "rss_last_import"
                ]
            }
        },
        "comment": ""
    },
    "blog_rss_imported": {
        "name": "blog_rss_imported",
        "columns": {
            "rss_imported_guid": {
                "allow_null": false,
                "auto_increment": false,
                "binary": false,
                "comment": "",
                "decimals": null,
                "default": "0",
                "length": 32,
                "name": "rss_imported_guid",
                "type": "CHAR",
                "unsigned": false,
                "values": [],
                "zerofill": false
            },
            "rss_imported_entry_id": {
                "allow_null": false,
                "auto_increment": false,
                "binary": false,
                "comment": "",
                "decimals": null,
                "default": "0",
                "length": 10,
                "name": "rss_imported_entry_id",
                "type": "INT",
                "unsigned": false,
                "values": [],
                "zerofill": false
            },
            "rss_imported_impid": {
                "allow_null": false,
                "auto_increment": false,
                "binary": false,
                "comment": "",
                "decimals": null,
                "default": "0",
                "length": 10,
                "name": "rss_imported_impid",
                "type": "INT",
                "unsigned": false,
                "values": [],
                "zerofill": false
            }
        },
        "indexes": {
            "PRIMARY": {
                "type": "primary",
                "name": "PRIMARY",
                "length": [
                    null
                ],
                "columns": [
                    "rss_imported_guid"
                ]
            },
            "rss_imported_impid": {
                "type": "key",
                "name": "rss_imported_impid",
                "length": [
                    null
                ],
                "columns": [
                    "rss_imported_impid"
                ]
            }
        },
        "comment": ""
    }
}